Departamento,Año,Compraventa,Hipotecas,Cancelaciones de Hipotecas,Vivienda de InterÃ©s Social,Vivienda de InterÃ©s Prioritario,Vivienda de InterÃ©s Prioritario para Ahorradores,Sucesiones,Permutas,Otras  - Bien Inmueble,Contratos por Arrendamientos,Fiducia Mercantil,Leasing,ConstituciÃ³n de Sociedades,LiquidaciÃ³n de Sociedades,Reforma de Sociedad Comercial,Matrimonios Civiles,Matrimonios Civiles entre Personas del Mismo Sexo,Divorcios,Disoluciones de Uniones Maritales de Hecho,Disoluciones y/o Liquidaciones de sociedades conyugales,Correcciones del Registro Civil,Cambios de Nombre,LegitimaciÃ³n de Hijos,Capitulaciones Matrimoniales,Uniones entre Personas del Mismo Sexo,Actas de Comparecencia,Autenticaciones,Declaraciones Extra Juicio,Declaraciones de Supervivencia,Conciliaciones,Remates de Inmuebles,Copias del Registro Civil,Registros Civiles de Nacimiento,Registros Civiles de Matrimonio,Registros Civiles de DefunciÃ³n,CorrecciÃ³n del componente Sexo de Masculino a Femenino,Procedimientos Sobre Insolvencia EconÃ³mica
Amazonas,2021,371.0,35.0,69.0,0.0,0.0,0.0,15.0,0.0,258.0,0.0,3.0,3.0,0.0,0.0,0.0,49.0,0.0,9.0,2.0,11.0,62.0,26.0,0.0,0.0,0.0,0.0,19559.0,2526.0,0.0,0.0,0.0,2648.0,24.0,79.0,110.0,1.0,0.0
Amazonas,2022,405.0,38.0,74.0,0.0,0.0,0.0,31.0,1.0,303.0,0.0,0.0,3.0,0.0,0.0,0.0,46.0,0.0,4.0,2.0,9.0,62.0,38.0,0.0,1.0,0.0,0.0,16591.0,1133.0,0.0,0.0,0.0,2444.0,19.0,80.0,64.0,0.0,0.0
Amazonas,2023,348.0,29.0,52.0,1.0,0.0,0.0,9.0,2.0,304.0,0.0,0.0,0.0,0.0,1.0,0.0,36.0,1.0,2.0,0.0,3.0,59.0,27.0,1.0,1.0,0.0,0.0,14562.0,1096.0,0.0,0.0,0.0,1961.0,15.0,59.0,58.0,0.0,0.0
Amazonas,2024,276.0,15.0,49.0,0.0,0.0,0.0,7.0,0.0,156.0,0.0,4.0,3.0,0.0,1.0,3.0,35.0,0.0,3.0,0.0,5.0,52.0,20.0,1.0,2.0,0.0,0.0,13755.0,1647.0,0.0,0.0,0.0,2042.0,2.0,52.0,78.0,1.0,0.0
Amazonas,2025,356.0,30.0,47.0,0.0,0.0,0.0,15.0,1.0,245.0,0.0,1.0,1.0,0.0,1.0,0.0,44.0,0.0,4.0,1.0,5.0,50.0,18.0,1.0,1.0,0.0,0.0,12610.0,1329.0,178.0,0.0,0.0,2024.0,8.0,64.0,67.0,1.0,0.0
Antioquia,2021,106778.0,9435.0,20435.0,7453.0,377.0,9.0,9195.0,376.0,28216.0,22.0,730.0,957.0,74.0,156.0,705.0,9276.0,122.0,3201.0,144.0,2516.0,7013.0,942.0,156.0,1213.0,50.0,6910.0,4412861.0,149008.0,346.0,235.0,4.0,521482.0,100372.0,24218.0,53397.0,89.0,5.0
Antioquia,2022,108843.0,11436.0,19318.0,9126.0,334.0,21.0,10828.0,343.0,28676.0,37.0,738.0,1239.0,64.0,215.0,817.0,9473.0,166.0,3123.0,195.0,2609.0,9126.0,1164.0,215.0,1344.0,62.0,8257.0,4605525.0,139361.0,215.0,265.0,0.0,529439.0,113746.0,23754.0,40452.0,77.0,28.0
Antioquia,2023,95064.0,10603.0,15827.0,8947.0,733.0,8.0,10111.0,341.0,25848.0,22.0,579.0,1196.0,73.0,173.0,667.0,9242.0,180.0,2895.0,206.0,2310.0,8048.0,1140.0,173.0,1321.0,38.0,8355.0,4036614.0,145807.0,54.0,226.0,2.0,497845.0,99155.0,22425.0,37812.0,46.0,61.0
Antioquia,2024,98246.0,11237.0,16805.0,11921.0,705.0,16.0,9531.0,315.0,25073.0,37.0,688.0,1115.0,41.0,158.0,687.0,9284.0,256.0,3124.0,235.0,2223.0,8790.0,1137.0,158.0,1297.0,49.0,11252.0,4504473.0,166168.0,12.0,242.0,4.0,507913.0,95971.0,22056.0,39166.0,75.0,4.0
Antioquia,2025,112231.0,10648.0,18010.0,11238.0,506.0,10.0,9836.0,375.0,27065.0,66.0,612.0,1076.0,48.0,155.0,699.0,9865.0,324.0,3493.0,231.0,2259.0,8316.0,1090.0,155.0,1432.0,40.0,24388.0,5170396.0,186424.0,104.0,187.0,36.0,505284.0,81806.0,23167.0,38648.0,49.0,23.0
Antioquia,2026,19190.0,2982.0,4538.0,989.0,86.0,1.0,1462.0,49.0,17525.0,54.0,182.0,192.0,26.0,53.0,118.0,2378.0,71.0,1128.0,48.0,685.0,2121.0,348.0,53.0,451.0,12.0,1134.0,1126155.0,55816.0,2.0,22.0,1.0,146980.0,16385.0,5650.0,9696.0,21.0,6.0
Arauca,2021,3320.0,238.0,504.0,36.0,27.0,0.0,273.0,0.0,993.0,2.0,0.0,1.0,2.0,3.0,7.0,345.0,6.0,79.0,13.0,61.0,382.0,57.0,3.0,16.0,0.0,88.0,104062.0,6476.0,11.0,0.0,0.0,731.0,59.0,218.0,0.0,3.0,0.0
Arauca,2022,3314.0,236.0,493.0,28.0,48.0,1.0,297.0,0.0,1018.0,1.0,0.0,0.0,0.0,3.0,6.0,366.0,1.0,92.0,14.0,68.0,375.0,84.0,3.0,7.0,2.0,113.0,116673.0,8293.0,12.0,0.0,0.0,703.0,65.0,296.0,0.0,1.0,0.0
Arauca,2023,3088.0,149.0,371.0,24.0,5.0,1.0,252.0,36.0,1192.0,1.0,0.0,5.0,0.0,86.0,1.0,316.0,0.0,79.0,7.0,104.0,494.0,48.0,86.0,4.0,0.0,76.0,183295.0,6749.0,3.0,0.0,0.0,637.0,51.0,226.0,0.0,1.0,0.0
Arauca,2024,2763.0,135.0,329.0,45.0,7.0,0.0,198.0,0.0,808.0,0.0,1.0,6.0,0.0,96.0,0.0,274.0,0.0,78.0,9.0,78.0,405.0,76.0,96.0,10.0,1.0,93.0,169643.0,7507.0,1.0,0.0,0.0,570.0,26.0,177.0,3.0,0.0,0.0
Arauca,2025,3608.0,144.0,380.0,14.0,3.0,0.0,190.0,1.0,848.0,0.0,6.0,1.0,1.0,15.0,2.0,260.0,1.0,75.0,4.0,55.0,414.0,62.0,15.0,13.0,0.0,15.0,133126.0,6373.0,9.0,1.0,0.0,633.0,36.0,194.0,0.0,4.0,0.0
Arauca,2026,1125.0,50.0,102.0,1.0,0.0,0.0,54.0,0.0,112.0,0.0,0.0,0.0,0.0,0.0,0.0,108.0,0.0,17.0,0.0,9.0,179.0,18.0,0.0,5.0,0.0,0.0,33091.0,2429.0,0.0,0.0,0.0,192.0,37.0,77.0,0.0,0.0,0.0
"Archipiélago De San Andrés, Providencia Y Santa Catalina",2021,23.0,1.0,0.0,0.0,0.0,0.0,1.0,0.0,1.0,0.0,0.0,0.0,0.0,1.0,0.0,2.0,0.0,2.0,0.0,3.0,1.0,1.0,1.0,1.0,1.0,1.0,1370.0,238.0,0.0,0.0,0.0,0.0,0.0,0.0,0.0,0.0,0.0
"Archipiélago De San Andrés, Providencia Y Santa Catalina",2022,47.0,0.0,0.0,0.0,0.0,0.0,8.0,0.0,4.0,0.0,0.0,0.0,0.0,0.0,0.0,5.0,0.0,6.0,0.0,9.0,0.0,0.0,0.0,0.0,0.0,0.0,2588.0,397.0,0.0,0.0,0.0,0.0,0.0,0.0,0.0,0.0,0.0
"Archipiélago De San Andrés, Providencia Y Santa Catalina",2023,35.0,0.0,1.0,0.0,0.0,0.0,0.0,0.0,4.0,0.0,0.0,0.0,0.0,0.0,0.0,4.0,0.0,6.0,0.0,6.0,0.0,2.0,0.0,0.0,0.0,0.0,2562.0,259.0,0.0,0.0,0.0,1.0,0.0,0.0,0.0,0.0,0.0
"Archipiélago De San Andrés, Providencia Y Santa Catalina",2024,68.0,0.0,2.0,0.0,0.0,0.0,12.0,0.0,14.0,0.0,0.0,0.0,1.0,1.0,1.0,10.0,0.0,11.0,0.0,11.0,0.0,4.0,1.0,0.0,0.0,0.0,5741.0,469.0,0.0,0.0,0.0,0.0,0.0,0.0,0.0,0.0,0.0
"Archipiélago De San Andrés, Providencia Y Santa Catalina",2025,67.0,0.0,0.0,0.0,0.0,0.0,5.0,0.0,4.0,0.0,0.0,0.0,0.0,0.0,0.0,19.0,0.0,7.0,1.0,8.0,0.0,1.0,0.0,2.0,0.0,0.0,4748.0,511.0,0.0,0.0,0.0,0.0,0.0,0.0,0.0,0.0,0.0
"Archipiélago De San Andrés, Providencia Y Santa Catalina",2026,64.0,4.0,2.0,0.0,0.0,0.0,3.0,0.0,1.0,0.0,0.0,0.0,0.0,0.0,6.0,77.0,1.0,16.0,4.0,15.0,11.0,1.0,0.0,1.0,1.0,0.0,4470.0,707.0,0.0,1.0,0.0,1292.0,45.0,103.0,11.0,0.0,0.0
Atlántico,2021,18314.0,1612.0,3648.0,5983.0,5141.0,4.0,1849.0,34.0,7229.0,41.0,232.0,629.0,65.0,41.0,304.0,4507.0,37.0,1507.0,43.0,700.0,1382.0,400.0,41.0,105.0,4.0,172.0,1397478.0,70321.0,1229.0,8.0,1.0,118967.0,40262.0,9895.0,20578.0,22.0,2.0
Atlántico,2022,18779.0,1329.0,3229.0,5660.0,4811.0,161.0,2095.0,269.0,7028.0,33.0,158.0,663.0,70.0,37.0,301.0,5131.0,47.0,1575.0,21.0,718.0,1733.0,400.0,37.0,128.0,8.0,251.0,1447509.0,69164.0,288.0,8.0,3.0,132972.0,40675.0,10048.0,14864.0,7.0,0.0
Atlántico,2023,16119.0,1510.0,2551.0,6043.0,4229.0,60.0,1781.0,159.0,6497.0,75.0,473.0,418.0,74.0,63.0,245.0,4862.0,52.0,1373.0,44.0,585.0,2128.0,422.0,63.0,98.0,11.0,277.0,1369885.0,66688.0,108.0,326.0,0.0,126319.0,42734.0,10329.0,13971.0,8.0,0.0
Atlántico,2024,16071.0,1345.0,2551.0,8731.0,3833.0,30.0,1458.0,383.0,7870.0,141.0,177.0,321.0,65.0,44.0,288.0,4509.0,52.0,1391.0,45.0,635.0,2232.0,344.0,44.0,98.0,2.0,293.0,1499304.0,68769.0,816.0,4.0,1.0,118316.0,39118.0,9154.0,15168.0,10.0,1.0
Atlántico,2025,18510.0,1755.0,3630.0,5328.0,2165.0,19.0,1503.0,24.0,7951.0,28.0,268.0,397.0,35.0,44.0,242.0,4853.0,69.0,1465.0,44.0,757.0,2096.0,412.0,44.0,117.0,8.0,311.0,1419338.0,70157.0,321.0,5.0,1.0,137394.0,38535.0,8606.0,14893.0,26.0,100.0
Atlántico,2026,3452.0,575.0,775.0,686.0,246.0,22.0,250.0,5.0,1717.0,1.0,6.0,86.0,11.0,12.0,36.0,1102.0,36.0,331.0,3.0,157.0,532.0,161.0,12.0,33.0,6.0,39.0,342699.0,20497.0,67.0,2.0,0.0,36649.0,6154.0,1764.0,3718.0,3.0,51.0
"Bogotá, D.C.",2021,95112.0,11864.0,73850.0,31971.0,1806.0,5.0,10698.0,230.0,42746.0,1694.0,2688.0,4384.0,247.0,492.0,2400.0,10358.0,184.0,5494.0,370.0,3557.0,6075.0,2394.0,492.0,1023.0,32.0,64773.0,9325835.0,230388.0,377.0,2611.0,5.0,974202.0,69445.0,23614.0,56368.0,41.0,33.0
"Bogotá, D.C.",2022,101573.0,13970.0,76002.0,31140.0,1691.0,1.0,14438.0,331.0,43081.0,455.0,2942.0,3955.0,223.0,369.0,2650.0,12041.0,265.0,5366.0,508.0,3632.0,7471.0,2404.0,369.0,1146.0,44.0,13328.0,9274027.0,213711.0,298.0,2614.0,86.0,980878.0,73664.0,27708.0,45173.0,46.0,72.0
"Bogotá, D.C.",2023,82217.0,10717.0,64712.0,36050.0,2551.0,0.0,11948.0,261.0,38617.0,320.0,3158.0,2872.0,164.0,237.0,2244.0,11373.0,285.0,5095.0,457.0,3138.0,7111.0,2266.0,237.0,1080.0,51.0,10064.0,8679319.0,201677.0,94.0,110.0,116.0,895256.0,70758.0,25736.0,42905.0,34.0,26.0
"Bogotá, D.C.",2024,87387.0,12991.0,68346.0,41432.0,3009.0,2.0,12194.0,339.0,38641.0,4233.0,4549.0,3437.0,139.0,214.0,2041.0,10815.0,240.0,4855.0,457.0,4018.0,7248.0,2778.0,214.0,1105.0,38.0,11793.0,10797351.0,219264.0,877.0,106.0,40.0,882598.0,69419.0,24423.0,52995.0,42.0,27.0
"Bogotá, D.C.",2025,96795.0,12866.0,73301.0,38748.0,5843.0,10.0,11993.0,257.0,40193.0,4862.0,4743.0,3457.0,87.0,266.0,2169.0,10656.0,199.0,4711.0,468.0,3757.0,6916.0,2595.0,266.0,1085.0,37.0,8898.0,10897340.0,226332.0,1147.0,220.0,122.0,882159.0,66615.0,23150.0,60162.0,84.0,134.0
"Bogotá, D.C.",2026,20720.0,6988.0,19086.0,4926.0,808.0,22.0,1870.0,71.0,14657.0,1279.0,192.0,657.0,40.0,45.0,479.0,2483.0,62.0,1098.0,131.0,862.0,1508.0,771.0,45.0,237.0,11.0,3288.0,2661655.0,65415.0,8.0,59.0,1.0,211225.0,10995.0,5099.0,14549.0,22.0,45.0
Bolívar,2021,13085.0,1134.0,1750.0,928.0,429.0,1.0,782.0,20.0,4124.0,2.0,164.0,286.0,26.0,41.0,226.0,2298.0,20.0,727.0,37.0,349.0,1231.0,408.0,41.0,66.0,17.0,115.0,932277.0,44072.0,16.0,2.0,3.0,97294.0,20824.0,5708.0,9133.0,20.0,3.0
Bolívar,2022,13348.0,734.0,1890.0,1432.0,241.0,120.0,970.0,9.0,4232.0,1.0,143.0,166.0,22.0,35.0,162.0,2309.0,25.0,738.0,36.0,456.0,1390.0,430.0,35.0,85.0,6.0,100.0,1007307.0,43083.0,2.0,8.0,11.0,90261.0,20169.0,6048.0,7294.0,15.0,4.0
Bolívar,2023,12134.0,997.0,1468.0,625.0,645.0,74.0,760.0,15.0,4663.0,3.0,63.0,93.0,26.0,17.0,118.0,2183.0,29.0,647.0,17.0,414.0,1467.0,447.0,17.0,64.0,16.0,201.0,971068.0,39528.0,1.0,5.0,4.0,65332.0,14255.0,5455.0,7457.0,19.0,12.0
Bolívar,2024,12933.0,1504.0,1251.0,3770.0,308.0,87.0,962.0,13.0,4047.0,5.0,59.0,108.0,21.0,32.0,131.0,2352.0,21.0,688.0,34.0,466.0,1592.0,346.0,32.0,62.0,15.0,193.0,1032530.0,42459.0,2.0,9.0,9.0,68000.0,10145.0,5446.0,7705.0,13.0,13.0
Bolívar,2025,13152.0,1627.0,1637.0,2513.0,333.0,59.0,837.0,20.0,4186.0,3.0,57.0,137.0,28.0,22.0,70.0,2466.0,30.0,668.0,32.0,524.0,1743.0,375.0,22.0,74.0,9.0,184.0,1112510.0,43560.0,3.0,7.0,9.0,74801.0,10399.0,5555.0,6572.0,12.0,11.0
Bolívar,2026,2470.0,580.0,346.0,601.0,37.0,0.0,134.0,2.0,915.0,0.0,0.0,56.0,4.0,12.0,19.0,580.0,5.0,162.0,5.0,135.0,385.0,84.0,12.0,21.0,3.0,62.0,315997.0,12712.0,0.0,1.0,1.0,21408.0,2418.0,1437.0,1616.0,0.0,4.0
Boyacá,2021,33445.0,1483.0,3154.0,1675.0,177.0,6.0,2677.0,38.0,8122.0,12.0,62.0,138.0,4.0,19.0,37.0,976.0,16.0,624.0,57.0,426.0,1795.0,520.0,19.0,48.0,3.0,580.0,542603.0,35105.0,10.0,174.0,0.0,69613.0,4032.0,2052.0,6090.0,1.0,2.0
Boyacá,2022,33300.0,1387.0,3102.0,1571.0,75.0,0.0,2973.0,62.0,8757.0,16.0,47.0,136.0,15.0,49.0,47.0,1106.0,8.0,582.0,59.0,550.0,2057.0,555.0,49.0,47.0,0.0,678.0,578684.0,34208.0,9.0,262.0,3.0,67040.0,4102.0,2159.0,4704.0,3.0,0.0
Boyacá,2023,29429.0,1539.0,2694.0,1841.0,53.0,0.0,2782.0,25.0,7434.0,62.0,66.0,47.0,9.0,31.0,30.0,1033.0,5.0,507.0,62.0,460.0,2086.0,467.0,31.0,65.0,1.0,751.0,504044.0,35299.0,2.0,124.0,0.0,60129.0,3851.0,1807.0,4404.0,4.0,1.0
Boyacá,2024,29933.0,1989.0,2851.0,1780.0,117.0,51.0,2831.0,54.0,6548.0,48.0,45.0,100.0,21.0,28.0,36.0,982.0,11.0,535.0,64.0,519.0,2294.0,460.0,28.0,67.0,8.0,655.0,501218.0,37622.0,17.0,118.0,0.0,63047.0,2862.0,1573.0,3840.0,6.0,8.0
Boyacá,2025,31401.0,2269.0,3118.0,1653.0,167.0,39.0,2891.0,48.0,7169.0,22.0,57.0,93.0,3.0,14.0,35.0,1069.0,20.0,546.0,76.0,591.0,2297.0,439.0,14.0,81.0,1.0,719.0,502778.0,37102.0,0.0,90.0,4.0,55646.0,3856.0,1849.0,3781.0,11.0,11.0
Boyacá,2026,6848.0,439.0,720.0,382.0,41.0,0.0,312.0,2.0,1454.0,0.0,8.0,4.0,2.0,2.0,140.0,311.0,5.0,142.0,13.0,99.0,590.0,148.0,2.0,11.0,0.0,221.0,166334.0,106957.0,0.0,12.0,0.0,17933.0,695.0,536.0,1194.0,0.0,3.0
Caldas,2021,15410.0,1804.0,3615.0,763.0,4.0,0.0,1508.0,41.0,4240.0,1.0,242.0,8.0,12.0,42.0,74.0,993.0,25.0,709.0,35.0,478.0,1151.0,242.0,42.0,139.0,3.0,607.0,337462.0,19372.0,15.0,91.0,1.0,51144.0,11138.0,2861.0,3092.0,4.0,0.0
Caldas,2022,15505.0,1807.0,3247.0,911.0,20.0,0.0,1613.0,46.0,5132.0,6.0,273.0,3.0,13.0,29.0,95.0,1037.0,24.0,670.0,50.0,436.0,1700.0,318.0,29.0,122.0,8.0,564.0,380065.0,18221.0,22.0,66.0,2.0,55642.0,9090.0,3239.0,3353.0,6.0,0.0
Caldas,2023,12394.0,1854.0,2584.0,1502.0,37.0,1.0,1452.0,35.0,4166.0,3.0,232.0,26.0,5.0,15.0,50.0,989.0,33.0,631.0,48.0,369.0,1489.0,346.0,15.0,138.0,4.0,1627.0,385615.0,17443.0,13.0,39.0,0.0,64786.0,6147.0,2862.0,4072.0,8.0,5.0
Caldas,2024,12560.0,1869.0,2797.0,528.0,136.0,1.0,1421.0,39.0,4313.0,3.0,301.0,9.0,20.0,13.0,48.0,959.0,30.0,551.0,42.0,399.0,1333.0,298.0,13.0,171.0,12.0,1039.0,415899.0,18580.0,15.0,29.0,1.0,49181.0,7983.0,3018.0,4075.0,10.0,1.0
Caldas,2025,13918.0,1554.0,2794.0,1166.0,7.0,0.0,1639.0,53.0,4753.0,2.0,281.0,4.0,16.0,4.0,70.0,982.0,35.0,489.0,44.0,345.0,1311.0,294.0,4.0,162.0,5.0,1155.0,619416.0,21275.0,15.0,15.0,1.0,53709.0,3850.0,2170.0,3203.0,9.0,0.0
Caldas,2026,3669.0,575.0,1052.0,153.0,0.0,0.0,306.0,8.0,1206.0,0.0,53.0,2.0,7.0,1.0,15.0,301.0,13.0,162.0,17.0,103.0,406.0,92.0,1.0,48.0,2.0,248.0,157589.0,8397.0,2.0,4.0,0.0,18936.0,1162.0,654.0,1047.0,3.0,0.0
Caquetá,2021,5224.0,329.0,717.0,279.0,0.0,0.0,361.0,4.0,915.0,1.0,3.0,22.0,0.0,31.0,10.0,968.0,5.0,201.0,34.0,277.0,385.0,83.0,31.0,26.0,3.0,18.0,85084.0,10022.0,0.0,0.0,0.0,5885.0,1997.0,791.0,1333.0,4.0,6.0
Caquetá,2022,5306.0,306.0,684.0,201.0,0.0,0.0,447.0,12.0,953.0,0.0,6.0,22.0,0.0,52.0,5.0,1034.0,7.0,218.0,53.0,306.0,496.0,107.0,52.0,40.0,3.0,16.0,76312.0,10260.0,0.0,1.0,0.0,4794.0,1740.0,872.0,1083.0,2.0,0.0
Caquetá,2023,5626.0,423.0,612.0,175.0,0.0,0.0,327.0,12.0,1372.0,0.0,0.0,19.0,2.0,26.0,7.0,1006.0,14.0,245.0,40.0,316.0,530.0,111.0,26.0,33.0,0.0,19.0,79912.0,10286.0,4.0,1.0,0.0,6274.0,2048.0,1011.0,1139.0,3.0,0.0
Caquetá,2024,5177.0,402.0,634.0,153.0,0.0,0.0,277.0,5.0,1137.0,7.0,3.0,6.0,0.0,59.0,11.0,889.0,10.0,216.0,32.0,283.0,593.0,91.0,59.0,30.0,1.0,12.0,83177.0,9924.0,7.0,0.0,34.0,6832.0,1263.0,790.0,1006.0,2.0,9.0
Caquetá,2025,5631.0,367.0,599.0,127.0,0.0,0.0,263.0,10.0,1093.0,0.0,1.0,17.0,5.0,56.0,6.0,831.0,7.0,204.0,41.0,313.0,620.0,119.0,56.0,54.0,0.0,9.0,104254.0,10332.0,0.0,0.0,0.0,7772.0,1548.0,839.0,943.0,2.0,0.0
Caquetá,2026,611.0,43.0,25.0,12.0,0.0,0.0,30.0,0.0,130.0,0.0,0.0,0.0,1.0,5.0,1.0,135.0,0.0,71.0,21.0,34.0,150.0,15.0,5.0,9.0,0.0,0.0,26856.0,2152.0,0.0,0.0,0.0,66.0,200.0,152.0,119.0,1.0,27.0
Casanare,2021,5007.0,249.0,459.0,90.0,2.0,1.0,278.0,4.0,1069.0,0.0,5.0,5.0,2.0,10.0,5.0,453.0,2.0,143.0,14.0,54.0,200.0,82.0,10.0,7.0,1.0,52.0,126751.0,6933.0,0.0,1.0,0.0,113.0,10.0,35.0,12.0,0.0,3.0
Casanare,2022,7684.0,454.0,696.0,353.0,17.0,0.0,511.0,6.0,1398.0,2.0,11.0,6.0,4.0,7.0,2.0,581.0,3.0,186.0,28.0,100.0,416.0,93.0,7.0,11.0,0.0,61.0,181477.0,7639.0,32.0,1.0,0.0,31.0,16.0,23.0,0.0,1.0,0.0
Casanare,2023,6316.0,240.0,491.0,176.0,44.0,1.0,378.0,9.0,1365.0,0.0,8.0,7.0,5.0,10.0,2.0,425.0,3.0,154.0,22.0,82.0,389.0,108.0,10.0,8.0,1.0,71.0,144586.0,7326.0,1.0,1.0,0.0,120.0,29.0,94.0,2.0,1.0,2.0
Casanare,2024,9879.0,594.0,707.0,396.0,31.0,9.0,469.0,12.0,1293.0,3.0,25.0,16.0,1.0,16.0,4.0,527.0,3.0,182.0,19.0,189.0,393.0,122.0,16.0,16.0,0.0,40.0,258895.0,13196.0,11.0,15.0,0.0,160.0,43.0,67.0,27.0,1.0,0.0
Casanare,2025,9221.0,542.0,652.0,362.0,32.0,5.0,465.0,16.0,1295.0,3.0,6.0,44.0,6.0,13.0,14.0,546.0,5.0,197.0,26.0,219.0,371.0,127.0,13.0,21.0,0.0,36.0,283076.0,12185.0,0.0,6.0,0.0,210.0,309.0,70.0,103.0,11.0,0.0
Casanare,2026,1305.0,36.0,76.0,16.0,1.0,0.0,34.0,3.0,405.0,0.0,0.0,0.0,0.0,0.0,0.0,134.0,1.0,123.0,3.0,12.0,96.0,33.0,0.0,1.0,0.0,6.0,82078.0,3800.0,2.0,2.0,0.0,14.0,22.0,10.0,16.0,0.0,1.0
Cauca,2021,14319.0,681.0,1236.0,1256.0,69.0,1.0,1063.0,11.0,1852.0,1.0,107.0,1.0,16.0,15.0,35.0,1875.0,6.0,436.0,36.0,201.0,1415.0,614.0,15.0,37.0,5.0,180.0,279214.0,21855.0,2.0,3.0,0.0,24410.0,3799.0,2077.0,3727.0,7.0,0.0
Cauca,2022,12917.0,693.0,1337.0,1278.0,113.0,7.0,932.0,13.0,2053.0,0.0,68.0,2.0,8.0,4.0,16.0,1709.0,6.0,401.0,28.0,246.0,1765.0,744.0,4.0,39.0,5.0,358.0,263047.0,23009.0,570.0,2.0,0.0,20337.0,3713.0,2029.0,2963.0,17.0,0.0
Cauca,2023,10979.0,1080.0,968.0,1830.0,54.0,0.0,670.0,16.0,1804.0,1.0,80.0,3.0,1.0,3.0,21.0,1612.0,7.0,445.0,35.0,88.0,1786.0,637.0,3.0,53.0,5.0,288.0,225844.0,26182.0,3.0,2.0,1.0,18905.0,3303.0,1830.0,2657.0,10.0,0.0
Cauca,2024,11400.0,676.0,987.0,1439.0,43.0,1.0,978.0,22.0,2371.0,0.0,133.0,7.0,1.0,11.0,13.0,1698.0,2.0,533.0,70.0,111.0,1858.0,656.0,11.0,53.0,2.0,197.0,300141.0,26862.0,0.0,1.0,0.0,27502.0,9428.0,2677.0,3506.0,16.0,0.0
Cauca,2025,12632.0,531.0,1128.0,875.0,96.0,0.0,1112.0,15.0,2971.0,0.0,139.0,37.0,1.0,26.0,12.0,1733.0,3.0,540.0,53.0,148.0,1775.0,763.0,26.0,55.0,0.0,490.0,366739.0,28629.0,4.0,3.0,0.0,26208.0,10001.0,2315.0,3247.0,6.0,1.0
Cauca,2026,2235.0,129.0,289.0,139.0,5.0,0.0,100.0,4.0,368.0,0.0,5.0,2.0,0.0,3.0,7.0,352.0,2.0,68.0,7.0,21.0,414.0,173.0,3.0,14.0,0.0,105.0,109761.0,20806.0,1.0,0.0,0.0,9133.0,2160.0,402.0,738.0,2.0,0.0
Cesar,2021,10197.0,1688.0,2661.0,1211.0,81.0,0.0,617.0,26.0,4961.0,8.0,38.0,27.0,5.0,11.0,20.0,2030.0,3.0,412.0,18.0,194.0,844.0,384.0,11.0,21.0,0.0,98.0,361832.0,19981.0,6.0,9.0,0.0,32727.0,7379.0,1804.0,3623.0,3.0,3.0
Cesar,2022,10638.0,1813.0,2503.0,1196.0,100.0,5.0,776.0,32.0,5350.0,2.0,18.0,29.0,2.0,7.0,27.0,2088.0,16.0,440.0,26.0,250.0,1168.0,338.0,7.0,24.0,0.0,84.0,397467.0,20799.0,9.0,9.0,0.0,32097.0,8028.0,1936.0,2822.0,0.0,25.0
Cesar,2023,9188.0,2152.0,2070.0,1587.0,55.0,373.0,704.0,7.0,5641.0,2.0,37.0,30.0,4.0,13.0,25.0,1977.0,15.0,402.0,26.0,245.0,1063.0,264.0,13.0,24.0,0.0,46.0,344659.0,20283.0,4.0,4.0,39.0,27905.0,5175.0,1778.0,2648.0,5.0,16.0
Cesar,2024,9989.0,1562.0,2100.0,1408.0,254.0,182.0,706.0,20.0,5039.0,7.0,29.0,24.0,9.0,24.0,25.0,1962.0,16.0,375.0,27.0,176.0,1044.0,191.0,24.0,26.0,4.0,42.0,344646.0,21618.0,4.0,4.0,41.0,45974.0,4241.0,1686.0,2945.0,16.0,2.0
Cesar,2025,10922.0,1226.0,1912.0,681.0,332.0,187.0,777.0,6.0,3402.0,13.0,27.0,55.0,5.0,38.0,9.0,2034.0,13.0,422.0,66.0,206.0,1002.0,259.0,38.0,32.0,1.0,59.0,415933.0,23867.0,3.0,0.0,4.0,30815.0,3966.0,1720.0,2370.0,1.0,1.0
Cesar,2026,2508.0,223.0,392.0,206.0,42.0,66.0,144.0,3.0,846.0,4.0,0.0,5.0,1.0,2.0,3.0,481.0,2.0,109.0,18.0,40.0,303.0,76.0,2.0,3.0,1.0,1146.0,148600.0,7537.0,0.0,0.0,0.0,9867.0,1143.0,465.0,795.0,9.0,3.0
Chocó,2021,1546.0,31.0,123.0,150.0,27.0,0.0,133.0,6.0,564.0,0.0,2.0,0.0,0.0,3.0,6.0,478.0,0.0,53.0,4.0,40.0,279.0,297.0,3.0,10.0,0.0,47.0,52415.0,4579.0,1.0,1.0,0.0,6821.0,5910.0,480.0,1060.0,3.0,0.0
Chocó,2022,1434.0,31.0,95.0,259.0,6.0,0.0,177.0,2.0,515.0,0.0,2.0,0.0,1.0,2.0,4.0,400.0,1.0,52.0,4.0,39.0,291.0,207.0,2.0,3.0,0.0,78.0,53084.0,4400.0,16.0,0.0,0.0,5740.0,4888.0,504.0,1031.0,4.0,0.0
Chocó,2023,1876.0,31.0,79.0,328.0,4.0,0.0,127.0,1.0,554.0,0.0,5.0,0.0,3.0,1.0,13.0,356.0,3.0,40.0,2.0,47.0,289.0,193.0,1.0,4.0,0.0,48.0,41526.0,4087.0,3.0,1.0,0.0,4218.0,3444.0,441.0,943.0,11.0,0.0
Chocó,2024,1368.0,36.0,77.0,75.0,54.0,0.0,136.0,1.0,607.0,7.0,2.0,0.0,3.0,9.0,5.0,350.0,2.0,49.0,3.0,42.0,373.0,135.0,9.0,3.0,0.0,37.0,51165.0,3418.0,0.0,0.0,0.0,5207.0,4348.0,368.0,973.0,1.0,2.0
Chocó,2025,1656.0,22.0,64.0,175.0,164.0,10.0,126.0,0.0,690.0,0.0,0.0,0.0,0.0,1.0,5.0,451.0,1.0,68.0,4.0,35.0,301.0,147.0,1.0,3.0,0.0,121.0,64225.0,3693.0,42.0,1.0,32.0,6721.0,5292.0,452.0,912.0,4.0,0.0
Chocó,2026,467.0,4.0,21.0,62.0,3.0,0.0,42.0,0.0,4716.0,0.0,0.0,0.0,0.0,1.0,1.0,100.0,1.0,10.0,1.0,12.0,79.0,47.0,1.0,1.0,0.0,17.0,21575.0,1043.0,0.0,0.0,0.0,2258.0,1886.0,82.0,340.0,0.0,0.0
Cundinamarca,2021,45463.0,1924.0,4399.0,2022.0,940.0,1.0,4121.0,133.0,13674.0,1.0,569.0,224.0,15.0,75.0,175.0,3652.0,42.0,1489.0,103.0,725.0,2513.0,618.0,75.0,218.0,14.0,1192.0,1264163.0,77899.0,9.0,90.0,3.0,48262.0,9417.0,4711.0,7872.0,6.0,3.0
Cundinamarca,2022,43342.0,1771.0,4240.0,1298.0,602.0,36.0,4808.0,157.0,15300.0,10.0,529.0,125.0,18.0,70.0,135.0,4269.0,48.0,1462.0,113.0,689.0,3292.0,697.0,70.0,222.0,17.0,3370.0,1114472.0,66795.0,7.0,63.0,4.0,41309.0,8104.0,5343.0,5337.0,2.0,4.0
Cundinamarca,2023,37635.0,1713.0,4369.0,2769.0,1033.0,6.0,4591.0,127.0,15169.0,10.0,418.0,161.0,12.0,71.0,162.0,4122.0,48.0,1267.0,132.0,681.0,3387.0,760.0,71.0,237.0,6.0,996.0,1173677.0,65691.0,95.0,59.0,1.0,40993.0,5723.0,4658.0,4855.0,2.0,5.0
Cundinamarca,2024,36918.0,1833.0,4629.0,3274.0,1332.0,2.0,3857.0,114.0,14875.0,2.0,487.0,139.0,22.0,173.0,137.0,4099.0,69.0,1217.0,147.0,696.0,3360.0,708.0,173.0,225.0,11.0,1237.0,1231403.0,64778.0,34.0,311.0,0.0,39779.0,5160.0,4524.0,5032.0,8.0,22.0
Cundinamarca,2025,40906.0,2027.0,5200.0,3977.0,556.0,9.0,4521.0,114.0,14609.0,1.0,789.0,174.0,7.0,67.0,131.0,3980.0,44.0,1196.0,207.0,856.0,3231.0,795.0,67.0,202.0,7.0,863.0,1682626.0,70617.0,36.0,41.0,3.0,44455.0,5371.0,3942.0,5434.0,5.0,3.0
Cundinamarca,2026,9053.0,585.0,1438.0,467.0,38.0,2.0,503.0,18.0,4697.0,0.0,21.0,31.0,11.0,6.0,40.0,887.0,14.0,271.0,23.0,154.0,806.0,202.0,6.0,45.0,3.0,3842.0,362271.0,20641.0,25.0,3.0,2.0,12191.0,1371.0,1169.0,1331.0,5.0,0.0
Córdoba,2021,11394.0,891.0,1369.0,966.0,3.0,5.0,837.0,14.0,4721.0,16.0,6.0,42.0,8.0,22.0,64.0,1448.0,4.0,307.0,29.0,156.0,815.0,170.0,22.0,27.0,0.0,215.0,437555.0,20564.0,47.0,6.0,0.0,35968.0,9454.0,2611.0,5399.0,2.0,2.0
Córdoba,2022,9924.0,758.0,1268.0,710.0,58.0,1.0,929.0,16.0,3656.0,6.0,13.0,52.0,15.0,18.0,49.0,1236.0,4.0,225.0,29.0,264.0,714.0,174.0,18.0,13.0,3.0,206.0,317860.0,19284.0,0.0,2.0,0.0,25058.0,7952.0,2241.0,3632.0,18.0,1.0
Córdoba,2023,9544.0,1069.0,1014.0,861.0,69.0,0.0,850.0,15.0,4727.0,5.0,9.0,44.0,16.0,23.0,57.0,1231.0,5.0,239.0,27.0,193.0,787.0,188.0,23.0,28.0,2.0,179.0,413922.0,19758.0,10.0,2.0,1.0,28639.0,6974.0,2353.0,4008.0,11.0,17.0
Córdoba,2024,11153.0,1154.0,1175.0,852.0,26.0,0.0,871.0,11.0,4535.0,11.0,11.0,71.0,16.0,85.0,69.0,1317.0,4.0,296.0,41.0,302.0,974.0,187.0,85.0,23.0,4.0,101.0,475378.0,27001.0,83.0,4.0,0.0,29116.0,6625.0,2580.0,3901.0,7.0,13.0
Córdoba,2025,11386.0,900.0,1199.0,549.0,44.0,1.0,944.0,31.0,4615.0,22.0,3.0,81.0,13.0,71.0,57.0,1584.0,4.0,268.0,35.0,314.0,1149.0,219.0,71.0,28.0,1.0,132.0,498107.0,23048.0,33.0,3.0,2.0,28981.0,6500.0,2966.0,4455.0,6.0,41.0
Córdoba,2026,1759.0,178.0,230.0,29.0,3.0,0.0,100.0,2.0,801.0,0.0,2.0,7.0,3.0,2.0,6.0,297.0,3.0,64.0,11.0,61.0,169.0,48.0,2.0,12.0,0.0,27.0,107869.0,5459.0,2.0,1.0,0.0,8295.0,1234.0,581.0,1135.0,4.0,41.0
Guainía,2021,157.0,14.0,22.0,0.0,181.0,0.0,9.0,2.0,47.0,0.0,0.0,0.0,0.0,0.0,1.0,26.0,1.0,6.0,4.0,1.0,8.0,10.0,0.0,0.0,0.0,0.0,10663.0,551.0,0.0,0.0,0.0,0.0,0.0,0.0,0.0,0.0,0.0
Guainía,2022,159.0,13.0,26.0,0.0,39.0,0.0,8.0,3.0,51.0,0.0,0.0,0.0,0.0,0.0,1.0,17.0,0.0,4.0,1.0,0.0,12.0,13.0,0.0,2.0,0.0,0.0,10589.0,484.0,0.0,0.0,0.0,0.0,0.0,0.0,0.0,0.0,0.0
Guainía,2023,163.0,17.0,22.0,0.0,2.0,0.0,6.0,3.0,51.0,0.0,0.0,0.0,0.0,0.0,1.0,16.0,0.0,6.0,3.0,0.0,11.0,13.0,0.0,0.0,0.0,0.0,10456.0,529.0,0.0,0.0,0.0,0.0,0.0,0.0,0.0,2.0,0.0
Guainía,2024,177.0,13.0,25.0,1.0,3.0,0.0,10.0,1.0,62.0,0.0,0.0,0.0,0.0,0.0,0.0,19.0,1.0,5.0,1.0,4.0,5.0,6.0,0.0,3.0,0.0,3.0,16061.0,645.0,0.0,0.0,0.0,0.0,0.0,0.0,0.0,0.0,0.0
Guainía,2025,147.0,8.0,21.0,1.0,0.0,0.0,7.0,0.0,38.0,0.0,0.0,1.0,0.0,0.0,0.0,18.0,1.0,7.0,4.0,0.0,5.0,11.0,0.0,3.0,0.0,1.0,17064.0,596.0,0.0,0.0,0.0,0.0,0.0,0.0,0.0,0.0,0.0
Guainía,2026,20.0,1.0,8.0,0.0,0.0,0.0,1.0,0.0,3.0,0.0,0.0,0.0,0.0,0.0,0.0,4.0,0.0,4.0,0.0,0.0,2.0,1.0,0.0,1.0,0.0,0.0,5134.0,134.0,0.0,0.0,0.0,0.0,0.0,0.0,0.0,0.0,0.0
Guaviare,2021,1332.0,76.0,111.0,6.0,1.0,0.0,54.0,0.0,145.0,0.0,0.0,0.0,5.0,1.0,8.0,94.0,0.0,19.0,1.0,35.0,43.0,15.0,1.0,1.0,0.0,12.0,112834.0,2238.0,0.0,0.0,0.0,662.0,107.0,144.0,256.0,1.0,0.0
Guaviare,2022,1208.0,35.0,110.0,2.0,0.0,0.0,45.0,3.0,120.0,0.0,1.0,0.0,0.0,0.0,0.0,85.0,0.0,24.0,2.0,15.0,42.0,18.0,0.0,3.0,0.0,6.0,131103.0,1836.0,0.0,0.0,0.0,463.0,75.0,186.0,93.0,0.0,0.0
Guaviare,2023,940.0,29.0,66.0,0.0,0.0,0.0,0.0,0.0,681.0,0.0,0.0,0.0,0.0,0.0,0.0,81.0,0.0,28.0,0.0,1.0,36.0,19.0,0.0,15.0,0.0,6.0,138081.0,2117.0,0.0,0.0,0.0,273.0,30.0,130.0,118.0,0.0,0.0
Guaviare,2024,951.0,28.0,81.0,1.0,0.0,0.0,56.0,0.0,139.0,0.0,0.0,0.0,0.0,0.0,0.0,79.0,0.0,22.0,1.0,14.0,35.0,19.0,0.0,12.0,0.0,29.0,85806.0,2244.0,0.0,0.0,0.0,357.0,20.0,103.0,157.0,0.0,0.0
Guaviare,2025,1277.0,22.0,69.0,0.0,121.0,0.0,54.0,0.0,211.0,0.0,3.0,0.0,0.0,4.0,3.0,97.0,0.0,31.0,0.0,5.0,47.0,21.0,4.0,5.0,1.0,245.0,109517.0,2206.0,0.0,0.0,0.0,445.0,49.0,127.0,105.0,0.0,0.0
Guaviare,2026,259.0,10.0,26.0,4.0,0.0,0.0,15.0,0.0,180.0,0.0,0.0,0.0,0.0,0.0,0.0,28.0,0.0,2.0,2.0,1.0,14.0,2.0,0.0,1.0,0.0,69.0,21169.0,826.0,0.0,0.0,0.0,166.0,12.0,40.0,6.0,0.0,0.0
Huila,2021,18939.0,1899.0,2337.0,220.0,719.0,44.0,1554.0,40.0,5514.0,22.0,11.0,159.0,3.0,36.0,39.0,1595.0,11.0,651.0,77.0,489.0,1490.0,507.0,36.0,55.0,4.0,224.0,420944.0,27467.0,2.0,24.0,0.0,64266.0,4757.0,2174.0,3985.0,7.0,1.0
Huila,2022,20513.0,1787.0,2259.0,1079.0,891.0,66.0,1730.0,18.0,6433.0,1.0,5.0,92.0,4.0,29.0,30.0,1954.0,21.0,715.0,86.0,569.0,1810.0,590.0,29.0,45.0,6.0,231.0,499058.0,25490.0,16.0,10.0,0.0,63508.0,4966.0,2276.0,3013.0,16.0,0.0
Huila,2023,18031.0,1481.0,1745.0,1249.0,1002.0,113.0,1478.0,86.0,5494.0,8.0,5.0,65.0,3.0,6.0,30.0,1783.0,22.0,626.0,91.0,571.0,1988.0,490.0,6.0,47.0,1.0,342.0,486022.0,25610.0,6.0,23.0,0.0,62351.0,3190.0,2140.0,2827.0,21.0,0.0
Huila,2024,19704.0,1609.0,1829.0,1370.0,395.0,67.0,1557.0,48.0,6123.0,7.0,5.0,72.0,2.0,5.0,39.0,1730.0,13.0,669.0,80.0,565.0,2107.0,508.0,5.0,46.0,1.0,359.0,496967.0,29800.0,5.0,16.0,0.0,63011.0,3817.0,1965.0,3592.0,4.0,10.0
Huila,2025,23053.0,1270.0,2041.0,836.0,300.0,42.0,1826.0,31.0,5744.0,7.0,3.0,101.0,2.0,5.0,24.0,1536.0,19.0,703.0,79.0,659.0,2029.0,519.0,5.0,44.0,4.0,494.0,563186.0,33421.0,7.0,10.0,0.0,64155.0,3179.0,1694.0,3535.0,8.0,5.0
Huila,2026,4597.0,189.0,376.0,122.0,22.0,61.0,201.0,8.0,794.0,1.0,2.0,10.0,0.0,0.0,14.0,346.0,2.0,171.0,12.0,110.0,442.0,118.0,0.0,8.0,0.0,47.0,128034.0,11583.0,0.0,3.0,0.0,11083.0,449.0,345.0,160.0,1.0,0.0
La Guajira,2021,4053.0,144.0,313.0,103.0,290.0,14.0,213.0,8.0,989.0,6.0,5.0,12.0,1.0,12.0,20.0,532.0,0.0,86.0,13.0,57.0,471.0,220.0,12.0,3.0,1.0,49.0,64733.0,6610.0,0.0,0.0,0.0,8165.0,6386.0,1008.0,1766.0,8.0,0.0
La Guajira,2022,4410.0,206.0,285.0,123.0,195.0,315.0,268.0,0.0,1429.0,3.0,5.0,12.0,2.0,7.0,15.0,600.0,1.0,93.0,7.0,96.0,662.0,206.0,7.0,3.0,0.0,72.0,70184.0,6806.0,0.0,0.0,0.0,7129.0,5405.0,1116.0,1331.0,3.0,0.0
La Guajira,2023,3947.0,167.0,251.0,112.0,67.0,83.0,277.0,0.0,1255.0,2.0,0.0,9.0,3.0,7.0,21.0,628.0,2.0,125.0,4.0,60.0,688.0,208.0,7.0,2.0,0.0,55.0,69244.0,6854.0,0.0,0.0,0.0,7515.0,5123.0,1059.0,1069.0,8.0,0.0
La Guajira,2024,3497.0,158.0,318.0,137.0,50.0,315.0,281.0,8.0,950.0,6.0,2.0,3.0,3.0,2.0,31.0,689.0,4.0,139.0,7.0,47.0,662.0,170.0,2.0,5.0,6.0,56.0,73394.0,7038.0,0.0,34.0,0.0,8732.0,3259.0,889.0,965.0,7.0,3.0
La Guajira,2025,4242.0,153.0,328.0,97.0,21.0,75.0,255.0,2.0,1042.0,1.0,4.0,3.0,2.0,7.0,18.0,732.0,2.0,139.0,12.0,55.0,607.0,188.0,7.0,6.0,0.0,82.0,76065.0,6736.0,0.0,1.0,0.0,8130.0,2977.0,921.0,1169.0,7.0,0.0
La Guajira,2026,796.0,32.0,68.0,25.0,1.0,0.0,56.0,1.0,191.0,0.0,0.0,0.0,0.0,1.0,2.0,204.0,2.0,33.0,4.0,6.0,172.0,56.0,1.0,1.0,1.0,13.0,21288.0,1801.0,0.0,0.0,0.0,1746.0,713.0,233.0,275.0,3.0,0.0
Magdalena,2021,5838.0,509.0,805.0,222.0,324.0,84.0,592.0,12.0,3933.0,3.0,31.0,193.0,11.0,78.0,55.0,1494.0,2.0,262.0,15.0,95.0,603.0,141.0,78.0,17.0,1.0,22.0,202066.0,15214.0,6.0,2.0,1.0,21107.0,8970.0,2562.0,1418.0,8.0,0.0
Magdalena,2022,5969.0,506.0,829.0,701.0,56.0,43.0,721.0,8.0,4473.0,4.0,12.0,301.0,3.0,41.0,56.0,1836.0,2.0,246.0,13.0,129.0,835.0,175.0,41.0,18.0,0.0,65.0,245340.0,18793.0,3.0,2.0,0.0,24660.0,7865.0,2712.0,898.0,10.0,1.0
Magdalena,2023,5379.0,502.0,615.0,1436.0,0.0,31.0,570.0,11.0,4142.0,3.0,16.0,410.0,8.0,45.0,36.0,1690.0,7.0,234.0,11.0,168.0,751.0,138.0,45.0,34.0,2.0,178.0,239675.0,18037.0,0.0,4.0,0.0,23790.0,5986.0,2342.0,752.0,10.0,0.0
Magdalena,2024,6820.0,541.0,704.0,451.0,44.0,19.0,686.0,16.0,4560.0,5.0,162.0,406.0,8.0,33.0,47.0,1790.0,7.0,286.0,19.0,175.0,1024.0,191.0,33.0,24.0,1.0,278.0,270633.0,20330.0,7.0,2.0,11.0,27647.0,5510.0,2591.0,781.0,6.0,6.0
Magdalena,2025,8305.0,523.0,957.0,721.0,49.0,3.0,736.0,19.0,3085.0,4.0,14.0,620.0,7.0,101.0,40.0,2049.0,4.0,257.0,20.0,238.0,985.0,191.0,101.0,24.0,2.0,319.0,272329.0,20565.0,3.0,5.0,0.0,28271.0,5625.0,2561.0,931.0,12.0,4.0
Magdalena,2026,1000.0,33.0,151.0,96.0,2.0,0.0,63.0,0.0,259.0,9.0,1.0,1.0,1.0,7.0,2.0,194.0,1.0,30.0,1.0,27.0,151.0,31.0,7.0,5.0,0.0,24.0,95452.0,3234.0,0.0,0.0,0.0,3027.0,708.0,391.0,100.0,0.0,2.0
Meta,2021,16299.0,680.0,1602.0,1526.0,3.0,0.0,949.0,15.0,3427.0,11.0,26.0,88.0,8.0,25.0,59.0,1107.0,9.0,321.0,42.0,376.0,687.0,222.0,25.0,49.0,0.0,303.0,779237.0,24857.0,37.0,14.0,0.0,30460.0,4609.0,1531.0,3657.0,1.0,0.0
Meta,2022,16514.0,536.0,1616.0,2090.0,30.0,0.0,1197.0,17.0,2425.0,18.0,6.0,37.0,6.0,50.0,56.0,1453.0,8.0,387.0,35.0,287.0,1124.0,235.0,50.0,46.0,4.0,954.0,972457.0,22675.0,7.0,5.0,0.0,29936.0,4276.0,1955.0,2064.0,1.0,0.0
Meta,2023,17953.0,572.0,1620.0,1504.0,10.0,2.0,1455.0,6.0,2790.0,2.0,5.0,30.0,7.0,75.0,38.0,1812.0,15.0,369.0,23.0,417.0,1336.0,222.0,75.0,57.0,4.0,917.0,904681.0,33601.0,3.0,11.0,0.0,33650.0,4856.0,2397.0,4152.0,6.0,0.0
Meta,2024,19384.0,577.0,1656.0,1966.0,2.0,0.0,1288.0,32.0,4262.0,10.0,3.0,32.0,34.0,116.0,32.0,1712.0,11.0,396.0,32.0,390.0,1503.0,186.0,116.0,50.0,0.0,521.0,953059.0,32421.0,47.0,2.0,0.0,33279.0,5759.0,2282.0,4884.0,2.0,0.0
Meta,2025,23855.0,613.0,1691.0,1416.0,40.0,0.0,1268.0,11.0,3868.0,0.0,15.0,140.0,8.0,177.0,36.0,1604.0,14.0,419.0,27.0,466.0,1530.0,242.0,177.0,70.0,2.0,981.0,1145501.0,40083.0,11.0,0.0,0.0,39545.0,3519.0,1981.0,4776.0,4.0,0.0
Meta,2026,4281.0,336.0,717.0,326.0,12.0,1.0,105.0,4.0,1761.0,0.0,0.0,28.0,1.0,11.0,5.0,362.0,6.0,131.0,15.0,135.0,301.0,75.0,11.0,11.0,0.0,62.0,366756.0,11305.0,5.0,1.0,0.0,10469.0,886.0,479.0,1025.0,3.0,41.0
Nariño,2021,20458.0,1348.0,3213.0,578.0,22.0,14.0,1974.0,17.0,5388.0,1.0,31.0,146.0,8.0,14.0,30.0,1036.0,5.0,533.0,35.0,490.0,1029.0,709.0,14.0,27.0,7.0,416.0,257851.0,16622.0,1.0,16.0,0.0,53242.0,20081.0,3415.0,7670.0,3.0,35.0
Nariño,2022,19515.0,1419.0,2764.0,507.0,325.0,0.0,1944.0,12.0,5871.0,7.0,32.0,139.0,5.0,23.0,25.0,1113.0,9.0,505.0,39.0,612.0,1357.0,756.0,23.0,46.0,0.0,555.0,265733.0,19964.0,7.0,360.0,6.0,52808.0,19772.0,3291.0,6591.0,11.0,54.0
Nariño,2023,17062.0,1578.0,2263.0,1062.0,53.0,0.0,1666.0,12.0,5496.0,3.0,28.0,121.0,5.0,15.0,15.0,1017.0,4.0,371.0,51.0,731.0,1333.0,767.0,15.0,31.0,0.0,1051.0,293129.0,19874.0,7.0,11.0,5.0,50188.0,16403.0,3095.0,6554.0,9.0,51.0
Nariño,2024,18229.0,1855.0,2325.0,1052.0,156.0,6.0,1479.0,13.0,4511.0,3.0,31.0,148.0,4.0,10.0,14.0,982.0,11.0,367.0,57.0,738.0,1435.0,766.0,10.0,22.0,8.0,822.0,314949.0,23042.0,0.0,0.0,1.0,50244.0,16523.0,2891.0,5566.0,17.0,7.0
Nariño,2025,19141.0,1699.0,2506.0,821.0,42.0,1.0,1629.0,12.0,4382.0,9.0,40.0,117.0,6.0,32.0,31.0,1027.0,12.0,421.0,69.0,702.0,1261.0,742.0,32.0,34.0,10.0,1136.0,384645.0,26585.0,10.0,0.0,5.0,54142.0,16528.0,3371.0,5775.0,11.0,23.0
Nariño,2026,4103.0,409.0,2094.0,48.0,6.0,0.0,227.0,3.0,1144.0,10.0,1.0,6.0,1.0,1.0,2.0,228.0,3.0,83.0,13.0,124.0,333.0,285.0,1.0,8.0,2.0,120.0,116695.0,7271.0,0.0,0.0,1.0,12795.0,4734.0,1257.0,2224.0,2.0,2.0
Norte De Santander,2021,18038.0,2573.0,3884.0,2605.0,352.0,31.0,2181.0,58.0,9516.0,5.0,208.0,175.0,3.0,29.0,73.0,1948.0,20.0,698.0,88.0,614.0,1065.0,346.0,29.0,86.0,1.0,278.0,441199.0,33890.0,50.0,132.0,9.0,75799.0,17470.0,3804.0,10222.0,8.0,12.0
Norte De Santander,2022,18118.0,2399.0,3469.0,2789.0,209.0,17.0,2206.0,18.0,9230.0,15.0,286.0,228.0,7.0,52.0,64.0,1966.0,24.0,673.0,86.0,595.0,1284.0,315.0,52.0,89.0,4.0,353.0,501076.0,32211.0,170.0,21.0,0.0,76865.0,16260.0,3635.0,8005.0,10.0,4.0
Norte De Santander,2023,15826.0,2119.0,2694.0,2578.0,479.0,3.0,1961.0,12.0,8633.0,22.0,302.0,218.0,4.0,72.0,45.0,2222.0,35.0,696.0,96.0,587.0,1575.0,329.0,72.0,57.0,7.0,584.0,525594.0,32733.0,98.0,22.0,0.0,74132.0,16505.0,3792.0,8015.0,8.0,1.0
Norte De Santander,2024,17538.0,1751.0,2299.0,2220.0,319.0,9.0,1808.0,26.0,7766.0,6.0,286.0,199.0,4.0,27.0,51.0,2191.0,36.0,796.0,110.0,688.0,1610.0,324.0,27.0,89.0,8.0,265.0,497756.0,36083.0,69.0,29.0,0.0,68360.0,14801.0,3859.0,8588.0,7.0,1.0
Norte De Santander,2025,20591.0,1676.0,2311.0,1480.0,214.0,12.0,2337.0,17.0,9138.0,0.0,321.0,217.0,5.0,23.0,56.0,1879.0,48.0,760.0,91.0,883.0,1657.0,338.0,23.0,93.0,6.0,550.0,543893.0,41676.0,61.0,21.0,0.0,66284.0,11445.0,3629.0,8504.0,37.0,4.0
Norte De Santander,2026,4546.0,369.0,547.0,348.0,64.0,10.0,343.0,4.0,1971.0,1.0,13.0,70.0,1.0,7.0,25.0,383.0,14.0,176.0,19.0,137.0,440.0,93.0,7.0,15.0,1.0,111.0,172067.0,11445.0,0.0,1.0,0.0,22231.0,3675.0,934.0,2224.0,3.0,69.0
Putumayo,2021,3118.0,148.0,283.0,3.0,0.0,0.0,217.0,0.0,1129.0,10.0,7.0,2.0,3.0,15.0,4.0,405.0,1.0,96.0,5.0,28.0,221.0,104.0,15.0,4.0,1.0,33.0,37905.0,5678.0,20.0,3.0,0.0,646.0,605.0,413.0,313.0,0.0,0.0
Putumayo,2022,2558.0,127.0,253.0,6.0,0.0,0.0,221.0,0.0,950.0,1.0,1.0,0.0,0.0,16.0,5.0,379.0,1.0,82.0,16.0,38.0,248.0,103.0,16.0,2.0,0.0,19.0,27227.0,5883.0,153.0,2.0,0.0,734.0,430.0,359.0,130.0,1.0,1.0
Putumayo,2023,2335.0,121.0,223.0,5.0,4.0,0.0,171.0,0.0,968.0,0.0,3.0,1.0,0.0,4.0,0.0,322.0,2.0,89.0,8.0,40.0,257.0,104.0,4.0,6.0,0.0,26.0,21060.0,6067.0,42.0,1.0,0.0,465.0,147.0,325.0,96.0,3.0,0.0
Putumayo,2024,3144.0,149.0,236.0,1.0,2.0,0.0,240.0,6.0,1100.0,0.0,0.0,1.0,0.0,3.0,1.0,432.0,1.0,89.0,13.0,59.0,372.0,108.0,3.0,2.0,0.0,42.0,27114.0,5063.0,22.0,3.0,0.0,610.0,328.0,435.0,239.0,5.0,0.0
Putumayo,2025,3138.0,165.0,232.0,1.0,0.0,0.0,217.0,0.0,791.0,0.0,2.0,0.0,0.0,3.0,1.0,421.0,0.0,112.0,26.0,77.0,326.0,122.0,3.0,7.0,0.0,15.0,29991.0,5360.0,5.0,0.0,0.0,541.0,247.0,418.0,179.0,5.0,0.0
Putumayo,2026,563.0,36.0,23.0,0.0,0.0,0.0,28.0,0.0,127.0,0.0,0.0,0.0,0.0,0.0,0.0,87.0,0.0,18.0,6.0,7.0,72.0,30.0,0.0,2.0,0.0,4.0,5311.0,1346.0,0.0,0.0,0.0,153.0,74.0,83.0,51.0,1.0,0.0
Quindío,2021,12344.0,1807.0,3165.0,1721.0,223.0,3.0,1129.0,30.0,3050.0,0.0,68.0,172.0,10.0,4.0,33.0,1244.0,23.0,775.0,41.0,490.0,838.0,255.0,4.0,53.0,4.0,501.0,462278.0,17174.0,95.0,9.0,1.0,60591.0,4525.0,2038.0,5145.0,7.0,2.0
Quindío,2022,12510.0,1794.0,2940.0,1501.0,713.0,2.0,1300.0,27.0,3922.0,0.0,72.0,206.0,3.0,6.0,38.0,1271.0,25.0,775.0,40.0,484.0,1048.0,266.0,6.0,70.0,5.0,334.0,468687.0,17634.0,110.0,7.0,0.0,63782.0,4183.0,1970.0,4610.0,16.0,0.0
Quindío,2023,9753.0,1765.0,2373.0,1872.0,105.0,6.0,1108.0,14.0,3430.0,0.0,89.0,179.0,0.0,5.0,27.0,1246.0,34.0,647.0,46.0,413.0,1027.0,268.0,5.0,52.0,4.0,307.0,448454.0,16318.0,165.0,16.0,3.0,57503.0,3769.0,2105.0,4421.0,7.0,1.0
Quindío,2024,10047.0,1667.0,2309.0,1166.0,10.0,0.0,1062.0,19.0,2956.0,5.0,167.0,157.0,1.0,4.0,42.0,1136.0,27.0,629.0,37.0,478.0,938.0,216.0,4.0,44.0,4.0,299.0,482795.0,17061.0,108.0,5.0,1.0,56006.0,3197.0,1820.0,4306.0,7.0,0.0
Quindío,2025,10366.0,1531.0,2486.0,999.0,341.0,18.0,1075.0,15.0,2897.0,2.0,97.0,141.0,3.0,17.0,55.0,1024.0,25.0,632.0,55.0,408.0,888.0,225.0,17.0,52.0,5.0,210.0,497270.0,17577.0,230.0,7.0,0.0,57301.0,3716.0,1811.0,4587.0,3.0,0.0
Quindío,2026,2389.0,334.0,514.0,238.0,8.0,0.0,121.0,5.0,650.0,0.0,7.0,28.0,2.0,0.0,18.0,297.0,7.0,132.0,10.0,103.0,242.0,68.0,0.0,15.0,2.0,43.0,158389.0,5854.0,42.0,0.0,0.0,18102.0,712.0,479.0,1484.0,0.0,0.0
Risaralda,2021,20615.0,3347.0,5629.0,2720.0,165.0,0.0,1805.0,60.0,5382.0,2.0,254.0,291.0,8.0,23.0,83.0,2052.0,44.0,1437.0,23.0,656.0,1186.0,356.0,23.0,195.0,21.0,1627.0,734693.0,31448.0,47.0,12.0,0.0,74557.0,16314.0,4200.0,8345.0,8.0,6.0
Risaralda,2022,19351.0,3233.0,5251.0,2141.0,57.0,20.0,1983.0,73.0,5198.0,0.0,367.0,208.0,20.0,24.0,50.0,2239.0,57.0,1338.0,30.0,677.0,1359.0,437.0,24.0,208.0,22.0,6152.0,651604.0,31297.0,44.0,25.0,0.0,77751.0,16171.0,4689.0,7291.0,11.0,8.0
Risaralda,2023,17145.0,3456.0,4280.0,3114.0,45.0,20.0,1691.0,37.0,6692.0,2.0,351.0,93.0,9.0,6.0,40.0,2028.0,63.0,1092.0,18.0,747.0,1191.0,412.0,6.0,209.0,15.0,1181.0,543037.0,25151.0,33.0,31.0,1.0,74544.0,18367.0,4368.0,6026.0,9.0,23.0
Risaralda,2024,16738.0,3744.0,3953.0,3281.0,55.0,0.0,1742.0,71.0,5598.0,0.0,303.0,46.0,20.0,48.0,47.0,2008.0,77.0,1084.0,43.0,738.0,1208.0,429.0,48.0,235.0,12.0,1170.0,657704.0,27713.0,0.0,34.0,3.0,78705.0,10065.0,3707.0,6197.0,9.0,5.0
Risaralda,2025,17435.0,2933.0,4563.0,2105.0,20.0,0.0,1740.0,78.0,5349.0,0.0,329.0,92.0,21.0,29.0,64.0,1890.0,53.0,1069.0,22.0,717.0,1044.0,404.0,29.0,271.0,11.0,1309.0,993394.0,34740.0,0.0,27.0,1.0,95680.0,6400.0,3224.0,6061.0,18.0,21.0
Risaralda,2026,4028.0,1030.0,1587.0,599.0,85.0,0.0,302.0,20.0,814.0,0.0,8.0,18.0,3.0,2.0,13.0,497.0,13.0,306.0,11.0,182.0,265.0,97.0,2.0,113.0,3.0,369.0,327235.0,9880.0,4.0,1.0,0.0,29856.0,1631.0,846.0,1883.0,2.0,2.0
Santander,2021,38473.0,4078.0,8014.0,3014.0,85.0,40.0,4063.0,194.0,15113.0,5.0,55.0,277.0,29.0,173.0,224.0,3861.0,52.0,2001.0,168.0,1150.0,3061.0,518.0,173.0,161.0,4.0,1700.0,1523742.0,73627.0,13.0,347.0,36.0,200525.0,25192.0,7900.0,14709.0,6.0,159.0
Santander,2022,40258.0,4101.0,8103.0,3189.0,451.0,83.0,4631.0,136.0,18248.0,29.0,62.0,371.0,50.0,175.0,225.0,4464.0,59.0,2185.0,184.0,1330.0,4236.0,545.0,175.0,217.0,3.0,1349.0,1542236.0,70076.0,14.0,353.0,18.0,211715.0,30904.0,9032.0,11083.0,8.0,124.0
Santander,2023,35372.0,3562.0,6331.0,3528.0,806.0,15.0,3986.0,143.0,17094.0,4.0,101.0,431.0,18.0,183.0,175.0,4305.0,71.0,1970.0,184.0,1209.0,4287.0,600.0,183.0,235.0,6.0,954.0,1372145.0,65637.0,14.0,285.0,33.0,194042.0,26321.0,7928.0,9324.0,17.0,118.0
Santander,2024,37985.0,3282.0,6588.0,3727.0,267.0,21.0,3758.0,118.0,14649.0,144.0,92.0,486.0,22.0,175.0,176.0,3774.0,78.0,1926.0,147.0,1249.0,3796.0,490.0,175.0,219.0,6.0,549.0,1353244.0,68443.0,20.0,208.0,22.0,182705.0,14420.0,6480.0,9073.0,26.0,192.0
Santander,2025,40719.0,3344.0,6611.0,2378.0,215.0,32.0,4126.0,126.0,13338.0,3.0,123.0,628.0,38.0,234.0,186.0,3576.0,55.0,1926.0,203.0,1419.0,3560.0,567.0,234.0,260.0,7.0,508.0,1462286.0,69271.0,19.0,189.0,17.0,171137.0,12097.0,5935.0,9723.0,10.0,81.0
Santander,2026,9210.0,921.0,1750.0,391.0,47.0,7.0,663.0,24.0,3305.0,4.0,12.0,164.0,2.0,77.0,71.0,883.0,14.0,513.0,42.0,309.0,787.0,204.0,77.0,68.0,2.0,168.0,418693.0,19621.0,29.0,46.0,4.0,49347.0,3232.0,1525.0,3081.0,8.0,15.0
Sucre,2021,6683.0,633.0,821.0,283.0,123.0,4.0,419.0,7.0,2357.0,2.0,2.0,6.0,13.0,83.0,5.0,924.0,5.0,270.0,9.0,116.0,421.0,184.0,83.0,5.0,0.0,106.0,193340.0,11914.0,0.0,0.0,0.0,12062.0,4916.0,1480.0,2496.0,0.0,0.0
Sucre,2022,6932.0,760.0,748.0,317.0,177.0,10.0,548.0,11.0,1706.0,9.0,9.0,17.0,3.0,3.0,1.0,875.0,9.0,262.0,32.0,227.0,518.0,210.0,3.0,16.0,0.0,35.0,158880.0,9530.0,0.0,1.0,0.0,12648.0,4794.0,1715.0,2076.0,5.0,0.0
Sucre,2023,6458.0,619.0,662.0,252.0,361.0,1.0,613.0,18.0,1541.0,1.0,2.0,16.0,2.0,2.0,0.0,882.0,5.0,184.0,19.0,162.0,614.0,185.0,2.0,4.0,0.0,59.0,171168.0,9876.0,3.0,0.0,1.0,10867.0,3952.0,1317.0,1349.0,1.0,0.0
Sucre,2024,6286.0,695.0,670.0,277.0,341.0,0.0,635.0,14.0,1204.0,2.0,8.0,22.0,0.0,2.0,1.0,754.0,6.0,208.0,32.0,252.0,642.0,171.0,2.0,17.0,1.0,185.0,169847.0,13083.0,9.0,0.0,0.0,10229.0,3485.0,1430.0,2526.0,5.0,2.0
Sucre,2025,6742.0,623.0,694.0,164.0,112.0,3.0,604.0,6.0,1231.0,9.0,3.0,22.0,2.0,14.0,0.0,855.0,6.0,222.0,26.0,242.0,718.0,189.0,14.0,20.0,1.0,11.0,176263.0,16197.0,1.0,0.0,0.0,12904.0,3142.0,1604.0,2425.0,3.0,0.0
Sucre,2026,1247.0,39.0,65.0,21.0,7.0,0.0,68.0,0.0,342.0,0.0,0.0,0.0,1.0,0.0,0.0,196.0,0.0,53.0,5.0,4.0,167.0,50.0,0.0,3.0,3.0,1.0,48732.0,4457.0,0.0,0.0,0.0,4663.0,1016.0,365.0,650.0,0.0,0.0
Tolima,2021,23627.0,721.0,2549.0,2270.0,1272.0,507.0,1889.0,44.0,6308.0,56.0,353.0,370.0,16.0,18.0,99.0,2080.0,23.0,737.0,78.0,585.0,1057.0,346.0,18.0,81.0,6.0,1113.0,879899.0,35068.0,122.0,79.0,0.0,89931.0,6409.0,3213.0,7141.0,3.0,23.0
Tolima,2022,25660.0,807.0,2541.0,2625.0,1916.0,252.0,2208.0,28.0,8900.0,15.0,331.0,357.0,8.0,14.0,71.0,2263.0,24.0,817.0,90.0,713.0,1588.0,383.0,14.0,98.0,6.0,1677.0,881287.0,35348.0,64.0,46.0,0.0,82297.0,7209.0,3847.0,5501.0,12.0,13.0
Tolima,2023,22454.0,884.0,1868.0,3885.0,1257.0,371.0,1984.0,17.0,6929.0,9.0,206.0,352.0,6.0,27.0,44.0,2242.0,28.0,689.0,97.0,566.0,1670.0,388.0,27.0,95.0,6.0,2258.0,709739.0,31350.0,60.0,39.0,4.0,82625.0,5426.0,3417.0,5056.0,16.0,3.0
Tolima,2024,24182.0,795.0,1979.0,3846.0,1362.0,99.0,1920.0,46.0,6151.0,7.0,266.0,402.0,7.0,235.0,89.0,2141.0,37.0,723.0,97.0,757.0,1546.0,343.0,235.0,77.0,7.0,4293.0,693426.0,33968.0,34.0,38.0,10.0,75615.0,4717.0,3191.0,5227.0,12.0,13.0
Tolima,2025,29362.0,884.0,2067.0,3994.0,1086.0,109.0,2279.0,36.0,7998.0,10.0,426.0,476.0,13.0,187.0,141.0,2087.0,34.0,843.0,136.0,659.0,1443.0,344.0,187.0,114.0,5.0,1158.0,858639.0,39966.0,42.0,62.0,1.0,76330.0,4925.0,2885.0,5384.0,16.0,55.0
Tolima,2026,4975.0,484.0,760.0,366.0,123.0,51.0,198.0,6.0,1097.0,2.0,1.0,95.0,4.0,0.0,23.0,459.0,9.0,171.0,25.0,169.0,391.0,117.0,0.0,21.0,1.0,140.0,237294.0,11092.0,11.0,4.0,0.0,22549.0,1041.0,748.0,1619.0,15.0,1.0
Valle Del Cauca,2021,55726.0,5209.0,12817.0,18639.0,1075.0,553.0,7025.0,160.0,22243.0,5.0,985.0,515.0,56.0,192.0,453.0,8025.0,121.0,4187.0,289.0,2028.0,5535.0,1358.0,192.0,317.0,24.0,3382.0,2813473.0,127834.0,203.0,31.0,9.0,349533.0,45460.0,14044.0,38907.0,56.0,2.0
Valle Del Cauca,2022,56179.0,5692.0,14514.0,17990.0,1242.0,2482.0,7413.0,68.0,29005.0,175.0,907.0,544.0,66.0,169.0,513.0,8805.0,156.0,4809.0,191.0,1948.0,7368.0,1380.0,169.0,370.0,30.0,3971.0,2715629.0,129517.0,100.0,102.0,9.0,363955.0,45235.0,16742.0,31118.0,79.0,0.0
Valle Del Cauca,2023,47669.0,5901.0,10667.0,15269.0,2726.0,1018.0,6479.0,141.0,26966.0,70.0,568.0,387.0,66.0,205.0,384.0,8061.0,149.0,4099.0,226.0,1827.0,6945.0,1206.0,205.0,342.0,20.0,5826.0,2390749.0,126139.0,204.0,131.0,5.0,327030.0,35203.0,14550.0,26824.0,62.0,63.0
Valle Del Cauca,2024,48223.0,5565.0,10636.0,11454.0,4006.0,1657.0,6312.0,117.0,27255.0,41.0,476.0,328.0,46.0,126.0,392.0,7942.0,115.0,4082.0,282.0,1783.0,6928.0,1326.0,126.0,406.0,25.0,2664.0,2974979.0,131357.0,159.0,70.0,14.0,321335.0,30626.0,12778.0,28805.0,54.0,7.0
Valle Del Cauca,2025,54043.0,5130.0,10902.0,14157.0,2565.0,409.0,6388.0,116.0,29664.0,103.0,524.0,313.0,71.0,299.0,480.0,7860.0,130.0,3785.0,315.0,1855.0,6331.0,1282.0,299.0,356.0,17.0,3588.0,3275879.0,135828.0,161.0,141.0,9.0,327445.0,27870.0,12283.0,28025.0,61.0,0.0
Valle Del Cauca,2026,11483.0,1886.0,2786.0,1602.0,121.0,3.0,1024.0,11.0,6419.0,21.0,50.0,143.0,10.0,33.0,92.0,1992.0,42.0,935.0,68.0,398.0,1715.0,358.0,33.0,89.0,1.0,410.0,851017.0,40101.0,48.0,34.0,3.0,109414.0,9502.0,4183.0,9508.0,12.0,1.0
Vaupés,2021,25.0,3.0,4.0,0.0,0.0,0.0,0.0,0.0,13.0,0.0,0.0,0.0,0.0,0.0,0.0,8.0,1.0,0.0,0.0,1.0,1.0,1.0,0.0,0.0,0.0,0.0,2753.0,262.0,0.0,0.0,0.0,201.0,108.0,16.0,2.0,0.0,0.0
Vaupés,2022,12.0,0.0,3.0,0.0,0.0,0.0,0.0,0.0,14.0,0.0,0.0,0.0,0.0,2.0,0.0,11.0,0.0,1.0,0.0,1.0,3.0,2.0,2.0,0.0,0.0,0.0,2229.0,215.0,0.0,0.0,0.0,207.0,53.0,13.0,0.0,0.0,0.0
Vaupés,2023,21.0,1.0,3.0,0.0,0.0,0.0,0.0,0.0,20.0,0.0,0.0,0.0,0.0,5.0,0.0,14.0,0.0,4.0,9.0,2.0,0.0,5.0,5.0,0.0,0.0,0.0,230.0,398.0,0.0,0.0,0.0,222.0,47.0,22.0,3.0,0.0,0.0
Vaupés,2024,18.0,0.0,6.0,0.0,0.0,0.0,2.0,0.0,15.0,0.0,0.0,0.0,0.0,1.0,0.0,9.0,0.0,0.0,0.0,0.0,6.0,6.0,1.0,0.0,0.0,0.0,1487.0,260.0,0.0,0.0,0.0,403.0,30.0,17.0,3.0,0.0,0.0
Vaupés,2025,15.0,1.0,3.0,0.0,0.0,0.0,0.0,0.0,1.0,0.0,0.0,0.0,0.0,0.0,0.0,1.0,0.0,2.0,0.0,1.0,2.0,7.0,0.0,0.0,0.0,0.0,3244.0,378.0,0.0,0.0,0.0,540.0,37.0,13.0,1.0,0.0,0.0
Vaupés,2026,0.0,0.0,1.0,0.0,0.0,0.0,0.0,0.0,0.0,0.0,0.0,0.0,0.0,0.0,0.0,2.0,0.0,0.0,0.0,0.0,1.0,1.0,0.0,1.0,0.0,0.0,502.0,64.0,0.0,0.0,0.0,87.0,2.0,5.0,0.0,0.0,0.0
Vichada,2021,306.0,22.0,38.0,0.0,0.0,0.0,6.0,1.0,188.0,0.0,1.0,0.0,0.0,0.0,0.0,63.0,0.0,2.0,2.0,7.0,18.0,13.0,0.0,2.0,0.0,0.0,7273.0,1428.0,0.0,0.0,0.0,146.0,72.0,66.0,104.0,0.0,0.0
Vichada,2022,403.0,22.0,40.0,2.0,1.0,0.0,12.0,2.0,140.0,0.0,0.0,0.0,0.0,6.0,0.0,61.0,0.0,10.0,3.0,12.0,14.0,11.0,6.0,3.0,0.0,0.0,8976.0,2020.0,0.0,0.0,0.0,163.0,61.0,36.0,56.0,0.0,0.0
Vichada,2023,560.0,11.0,39.0,28.0,203.0,0.0,16.0,0.0,129.0,0.0,0.0,0.0,0.0,0.0,1.0,31.0,2.0,6.0,1.0,9.0,10.0,22.0,0.0,1.0,0.0,0.0,7950.0,1454.0,0.0,0.0,0.0,73.0,27.0,27.0,57.0,0.0,0.0
Vichada,2024,286.0,15.0,41.0,0.0,1.0,0.0,16.0,0.0,99.0,0.0,0.0,2.0,0.0,1.0,0.0,30.0,0.0,6.0,3.0,12.0,11.0,8.0,1.0,0.0,0.0,0.0,7663.0,1279.0,0.0,0.0,0.0,42.0,26.0,23.0,48.0,0.0,0.0
Vichada,2025,373.0,14.0,27.0,0.0,0.0,0.0,19.0,0.0,119.0,0.0,1.0,0.0,0.0,0.0,0.0,33.0,0.0,11.0,1.0,19.0,11.0,14.0,0.0,1.0,0.0,0.0,10114.0,1213.0,0.0,0.0,0.0,23.0,13.0,27.0,44.0,0.0,0.0
Vichada,2026,64.0,5.0,3.0,0.0,0.0,0.0,4.0,0.0,26.0,0.0,0.0,0.0,0.0,0.0,0.0,8.0,0.0,1.0,3.0,4.0,1.0,0.0,0.0,0.0,0.0,0.0,3065.0,390.0,0.0,0.0,0.0,14.0,12.0,5.0,18.0,0.0,0.0
